Feature,Importance
MolLogP,0.8280941235754318
MolWt,0.12962521387101594
AromaticProportion,0.021991176122250607
NumRotatableBonds,0.020289486431301622
