Metric,Value
R2_Score,0.8874602082667946
RMSE,0.7000423628839911
